0,asdawd asdasda asdasd,asdawd,asdasda,asdasd,AAA,12321,
1,awdawd aaaaaa aaaaaa,awdawd,aaaaaa,aaaaaa,AAA,4444,
2,12 12 12,12,12,12,111,12,
3,12131233123 1111 154454,12131233123,1111,154454,111,454332412,
4,Ariana Fallas Calderon,Ariana,Fallas,Calderon,AFC,20000,
5,Pablo  Fallas Calderon,Pablo ,Fallas,Calderon,PFC,20000,
6,Ariana Fallas Calderon,Ariana,Fallas,Calderon,AFC,20000,
7,Ariana Fallas Calderon,Ariana,Fallas,Calderon,AFC,20000,
8,hol ad d,hol,ad,d,HAD,3,
9,Ariana Fallas Calderon,Ariana,Fallas,Calderon,AFC,20000,
10,Ariana  Fallas Calderon,Ariana ,Fallas,Calderon,AFC,20000,
11,Ariana Fallas Calderon,Ariana,Fallas,Calderon,AFC,20000,
12,Ariana Fallas Calderon,Ariana,Fallas,Calderon,AFC,20000,
13,Pablo Fallas Calderon,Pablo,Fallas,Calderon,PFC,20000,
14,Ariana Fallas Calderon,Ariana,Fallas,Calderon,AFC,1000,
15,Pablo Falla Calderon,Pablo,Falla,Calderon,PFC,20000,
16,Ariana Fallas Calderon,Ariana,Fallas,Calderon,AFC,20000,
17,Pablo Fallas Calderon,Pablo,Fallas,Calderon,PFC,30000,
18,Ariana Fallas Calderon,Ariana,Fallas,Calderon,AFC,20000,
19,Pablo Fallas Calderon,Pablo,Fallas,Calderon,PFC,10000,
20,Ariana Fallas Calderon,Ariana,Fallas,Calderon,AFC,20000,
21,Ariana Fallas Calderon,Ariana,Fallas,Calderon,AFC,200,
22,Ariana Fallas Calderon,Ariana,Fallas,Calderon,AFC,2000,
23,Ariana Fallas Calderon,Ariana,Fallas,Calderon,AFC,2000,
24,Ariana Falla Calderon,Ariana,Falla,Calderon,AFC,20000,
25,Ariana Fallas Calderon,Ariana,Fallas,Calderon,AFC,20000,
26,A F C,A,F,C,AFC,20000,
27,Ariana Fallas Calderon,Ariana,Fallas,Calderon,AFC,2000,
28,Danny Fallas Calderon,Danny,Fallas,Calderon,DFC,2000,
29,Ariana Fallas Calderon,Ariana,Fallas,Calderon,AFC,2000,
30,Danny Fallas Calderon Fallas,Danny Fallas,Calderon,Fallas,DCF,200,
31,Patricia Calderon Solano,Patricia,Calderon,Solano,PCS,3000,
32,Ariana Fallas Calderon,Ariana,Fallas,Calderon,AFC,200,
33,Danny Fallas Calderon,Danny,Fallas,Calderon,DFC,4000,
34,Ariana Fallas Calderon,Ariana,Fallas,Calderon,AFC,2000,
35,Pablo Fallas Calderon,Pablo,Fallas,Calderon,PFC,3000,
36,Ariana Falla Calderon,Ariana,Falla,Calderon,AFC,2000,
37,Pablo Fallas Calderon,Pablo,Fallas,Calderon,PFC,3000,
38,Ariana Fallas Calderon,Ariana,Fallas,Calderon,AFC,2000,
39,Pablo Fallas Calderon,Pablo,Fallas,Calderon,PFC,3000,
40,Ariana Fallas Calderon,Ariana,Fallas,Calderon,AFC,2000,
41,Pablo Calderon Solano,Pablo,Calderon,Solano,PCS,300,
42,Danny  Fallas Calderon,Danny ,Fallas,Calderon,DFC,300,
43,Ariana Fallas Calderon,Ariana,Fallas,Calderon,AFC,2000,
44,Ariana Fallas Calderon,Ariana,Fallas,Calderon,AFC,2000,
45,Ariana Fallas Calderon,Ariana,Fallas,Calderon,AFC,1000,
46,Ariana Fallas Calderon,Ariana,Fallas,Calderon,AFC,2000,
47,Pablo Falals Calderoj,Pablo,Falals,Calderoj,PFC,300,
48,Ariana Fallas  C,Ariana,Fallas ,C,AFC,2000,
49,Ariana Fallas Calderon,Ariana,Fallas,Calderon,AFC,20000,
50,Ariana Fallas Calderon,Ariana,Fallas,Calderon,AFC,20000,
51,Ariana Fallas Calderon,Ariana,Fallas,Calderon,AFC,2000,
52,Ariana Fallas Calderon,Ariana,Fallas,Calderon,AFC,2000,
53,Pablo Fallas Calderon,Pablo,Fallas,Calderon,PFC,3000,
54,Ariana Fallas Calderon,Ariana,Fallas,Calderon,AFC,2000,
55,Ariana Fallas Calderon,Ariana,Fallas,Calderon,AFC,2000,
56,Pablo Fallas Calderon,Pablo,Fallas,Calderon,PFC,3000,
